{"cameraMode":{"drawMode":0,"name":"Shaded","section":"Shading Mode"},"sceneLighting":true,"audioPlay":false,"sceneViewState":{"showFog":true,"showMaterialUpdate":false,"showSkybox":true,"showFlares":true,"showImageEffects":true,"showParticleSystems":true},"in2DMode":false,"pivot":{"x":0.9481601715087891,"y":-0.46120595932006838,"z":0.6688488125801086},"rotation":{"x":-0.14056655764579774,"y":0.5946029424667358,"z":-0.10654733330011368,"w":-0.7844446301460266},"size":6.580968379974365,"orthographic":false}