{"cameraMode":{"drawMode":0,"name":"Shaded","section":"Shading Mode"},"sceneLighting":true,"audioPlay":false,"sceneViewState":{"showFog":true,"showMaterialUpdate":false,"showSkybox":true,"showFlares":true,"showImageEffects":true,"showParticleSystems":true},"in2DMode":false,"pivot":{"x":-4.117005825042725,"y":0.8875983953475952,"z":17.821624755859376},"rotation":{"x":0.07174897938966751,"y":-0.8957759141921997,"z":0.15692318975925446,"w":0.4097345769405365},"size":341.7806091308594,"orthographic":false}